lemma,ipa,english,pos,gender,module,level,note
банан,/bɑˈnɑn/,banana,noun,m,1,A1,"Б=B (new), Н=N (false friend)"
банк,/bɑnk/,bank,noun,m,1,A1,"Б=B (new), Н=N (false friend)"
відео,/ˈwideɔ/,video,noun,n,1,A1,"В=V (false friend), Д=D (new)"
кафе,/kɑˈfɛ/,café,noun,n,1,A1,All True Friends + Ф (new)
лимон,/lɪˈmɔn/,lemon,noun,m,1,A1,"Л=L (new), Н=N (false friend)"
мама,/ˈmɑmɑ/,mom,noun,f,1,A1,True Friends only: М-А-М-А
метро,/mɛˈtrɔ/,metro,noun,n,1,A1,Р=R (false friend)
музика,/ˈmuzɪkɑ/,music,noun,f,1,A1,"У=U (false friend), З=Z (new)"
парк,/pɑrk/,park,noun,m,1,A1,"П=P (new), Р=R (false friend)"
піца,/ˈpitsɑ/,pizza,noun,f,1,A1,"П=P (new), Ц=TS (preview)"
радіо,/ˈrɑdʲiɔ/,radio,noun,n,1,A1,"Р=R (false friend), Д=D (new)"
салат,/sɑˈlɑt/,salad,noun,m,1,A1,"С=S (false friend), Л=L (new)"
студент,/stuˈdɛnt/,student,noun,m,1,A1,"С=S, У=U, Н=N (false friends)"
суп,/sup/,soup,noun,m,1,A1,"С=S, У=U (false friends)"
таксі,/tɑkˈsi/,taxi,noun,n,1,A1,"С=S (false friend), І=I"
тато,/ˈtɑtɔ/,dad,noun,m,1,A1,True Friends: Т-А-Т-О
турист,/tuˈrɪst/,tourist,noun,m,1,A1,"У=U, Р=R, С=S (false friends)"
фото,/ˈfɔtɔ/,photo,noun,n,1,A1,"Ф=F (new), rest True Friends"
футбол,/fudˈbɔl/,football,noun,m,1,A1,"Ф=F (new), У=U, Б=B, Л=L"
хокей,/xɔˈkɛj/,hockey,noun,m,1,A1,Х=KH (false friend)
алфавіт,/ɑlfɑˈvʲit/,alphabet,noun,m,2,A1,Also: абетка (traditional)
англійська,/ɑnˈɦlʲijsʲkɑ/,English (adj),adj,f,2,A1,Г = H sound
будь ласка,/budʲ ˈlɑskɑ/,please,phrase,-,2,A1,Ь = soft sign
буква,/ˈbukvɑ/,letter (of alphabet),noun,f,2,A1,"Б, У - uses new letters"
вибачте,/vɪˈbɑtʃtɛ/,"excuse me, sorry",verb,-,2,A1,Ч = CH
де,/dɛ/,where,adv,-,2,A1,Simple question word
до побачення,/dɔ pɔˈbɑtʃɛnʲːɑ/,goodbye,phrase,-,2,A1,Ч = CH
добре,/ˈdɔbrɛ/,"good, okay",adv,-,2,A1,Common response
дякую,/ˈdʲakuju/,thank you,verb,-,2,A1,"Я, Ю = iotated"
ласкаво просимо,/ˈlɑskɑvɔ ˈprɔsɪmɔ/,welcome,phrase,-,2,A1,Formal welcome
мова,/ˈmɔvɑ/,language,noun,f,2,A1,Українська мова = Ukrainian language
ні,/nʲi/,no,particle,-,2,A1,Essential word
привіт,/prɪˈvʲit/,"hi, hello",interj,-,2,A1,Informal greeting
прошу,/ˈprɔʃu/,please/you're welcome,verb,-,2,A1,Ш = SH
слово,/ˈslɔvɔ/,word,noun,n,2,A1,Basic vocabulary
так,/tɑk/,yes,particle,-,2,A1,Essential word
українська,/ukrɑˈjinʲsʲkɑ/,Ukrainian (adj),adj,f,2,A1,Uses Ї!
хто,/xtɔ/,who,pron,-,2,A1,Х = KH
що,/ʃtʃɔ/,what,pron,-,2,A1,Щ = SHCH
як,/jɑk/,how,adv,-,2,A1,Я = YA
брат,/brɑt/,brother,noun,m,3,A1,Consonant ending = masculine
вчитель,/ˈwtʃɪtɛlʲ/,teacher (male),noun,m,3,A1,Soft sign after л
вчителька,/wtʃɪˈtɛlʲkɑ/,teacher (female),noun,f,3,A1,-ка feminine suffix
вікно,/wʲikˈnɔ/,window,noun,n,3,A1,-о = neuter
день,/dɛnʲ/,day,noun,m,3,A1,-ь after н = masculine
жіночий,/ʒʲiˈnɔtʃɪj/,feminine,adj,m,3,A1,"Literally ""woman-like"""
земля,/zɛmˈlʲa/,"earth, land",noun,f,3,A1,-я = feminine
книга,/ˈknɪɦɑ/,book,noun,f,3,A1,-а = feminine
молоко,/mɔlɔˈkɔ/,milk,noun,n,3,A1,-о = neuter
море,/ˈmɔrɛ/,sea,noun,n,3,A1,-е = neuter
ніч,/nʲitʃ/,night,noun,f,3,A1,-ь after ч = feminine
рід,/rʲid/,"gender (grammatical), genus",noun,m,3,A1,чоловічий рід = masculine gender
середній,/sɛˈrɛdnʲij/,"middle, neuter",adj,m,3,A1,середній рід = neuter gender
сестра,/sɛsˈtrɑ/,sister,noun,f,3,A1,-а ending = feminine
сонце,/ˈsɔnt͡sɛ/,sun,noun,n,3,A1,-е = neuter
студентка,/stuˈdɛntkɑ/,student (female),noun,f,3,A1,-ка feminine suffix
стіл,/stʲil/,table,noun,m,3,A1,Consonant = masculine
чоловічий,/tʃɔlɔˈvʲitʃɪj/,masculine,adj,m,3,A1,"Literally ""man-like"""
яблуко,/ˈjablukɔ/,apple,noun,n,3,A1,-о = neuter
ви,/vɪ/,you (formal/plural),pron,-,4,A1,Formal or plural
вона,/wɔˈnɑ/,she,pron,f,4,A1,Third person feminine
вони,/wɔˈnɪ/,they,pron,-,4,A1,Third person plural
воно,/wɔˈnɔ/,it,pron,n,4,A1,Third person neuter
він,/wʲin/,he,pron,m,4,A1,Third person masculine
друг,/druɦ/,friend (male),noun,m,4,A1,Plural: друзі
з,/z/,from,prep,-,4,A1,Я з України = I'm from Ukraine
ми,/mɪ/,we,pron,-,4,A1,First person plural
моя,/mɔˈjɑ/,my (feminine),pron,f,4,A1,Possessive pronoun
мій,/mʲij/,my (masculine),pron,m,4,A1,Possessive pronoun
подруга,/pɔˈdruɦɑ/,friend (female),noun,f,4,A1,Female friend
там,/tɑm/,there,adv,-,4,A1,Location
твоя,/tvɔˈjɑ/,"your (fem, informal)",pron,f,4,A1,Informal possessive
твій,/tvʲij/,"your (masc, informal)",pron,m,4,A1,Informal possessive
ти,/tɪ/,you (informal),pron,-,4,A1,For friends/family
то,/tɔ/,that,pron,-,4,A1,Less common than це
тут,/tut/,here,adv,-,4,A1,Location
українець,/ukrɑˈjinɛt͡sʲ/,Ukrainian (male),noun,m,4,A1,Nationality
українка,/ukrɑˈjinkɑ/,Ukrainian (female),noun,f,4,A1,Nationality
це,/t͡sɛ/,"this, this is",pron,-,4,A1,Invariable - never changes
я,/jɑ/,I,pron,-,4,A1,First person singular
гаманець,/ɦɑmɑˈnɛt͡sʲ/,wallet,noun,m,5,A1,Personal item
двері,/ˈdvɛrʲi/,door,noun,pl,5,A1,Always plural in Ukrainian!
його,/jɔˈɦɔ/,"his, its",pron,-,5,A1,Invariable - never changes
ключ,/klʲutʃ/,key,noun,m,5,A1,Consonant = masculine
лампа,/ˈlɑmpɑ/,lamp,noun,f,5,A1,Cognate with English
ліжко,/ˈlʲiʒkɔ/,bed,noun,n,5,A1,Furniture
моє,/mɔˈjɛ/,my (neuter),pron,n,5,A1,Possessive
мої,/mɔˈji/,my (plural),pron,pl,5,A1,Possessive
ручка,/ˈrutʃkɑ/,pen,noun,f,5,A1,"Also means ""handle"""
стілець,/ˈstʲilɛt͡sʲ/,chair,noun,m,5,A1,Furniture
сумка,/ˈsumkɑ/,bag,noun,f,5,A1,Common item
та,/tɑ/,that (feminine),pron,f,5,A1,Demonstrative
твоє,/tvɔˈjɛ/,"your (n, informal)",pron,n,5,A1,Informal possessive
твої,/tvɔˈji/,"your (pl, informal)",pron,pl,5,A1,Informal possessive
те,/tɛ/,that (neuter),pron,n,5,A1,Demonstrative
телефон,/tɛlɛˈfɔn/,phone,noun,m,5,A1,Cognate
той,/tɔj/,that (masculine),pron,m,5,A1,Demonstrative
ті,/tʲi/,those,pron,pl,5,A1,Plural demonstrative
цей,/t͡sɛj/,this (masculine),pron,m,5,A1,Demonstrative
ця,/t͡sʲɑ/,this (feminine),pron,f,5,A1,Demonstrative
ці,/t͡sʲi/,these,pron,pl,5,A1,Plural demonstrative
її,/jiˈji/,"her, hers",pron,-,5,A1,Invariable - never changes
говорити,/ɦɔvɔˈrɪtɪ/,to speak,verb,-,6,A1,"Class II: говорю, говориш..."
дивитися,/dɪvɪˈtɪsʲɑ/,"to watch, look",verb,-,6,A1,Reflexive Class II
думати,/ˈdumɑtɪ/,to think,verb,-,6,A1,"Class I: думаю, думаєш..."
завтра,/ˈzɑvtrɑ/,tomorrow,adv,-,6,A1,Time word
знати,/ˈznɑtɪ/,to know,verb,-,6,A1,"Class I: знаю, знаєш..."
кожен день,/ˈkɔʒɛn dɛnʲ/,every day,phrase,-,6,A1,Time expression
лист,/lɪst/,letter,noun,m,6,A1,Object of писати
не,/nɛ/,not,part,-,6,A1,Goes before verb
писати,/pɪˈsɑtɪ/,to write,verb,-,6,A1,"Class I with с→ш: пишу, пишеш..."
працювати,/prɑt͡sʲuˈvɑtɪ/,to work,verb,-,6,A1,"Class I: працюю, працюєш..."
робити,/rɔˈbɪtɪ/,"to do, to make",verb,-,6,A1,"Class II: роблю, робиш..."
розуміти,/rɔzuˈmʲitɪ/,to understand,verb,-,6,A1,"Class II: розумію, розумієш..."
слухати,/ˈsluxɑtɪ/,to listen,verb,-,6,A1,"Class I: слухаю, слухаєш..."
сьогодні,/sʲɔˈɦɔdnʲi/,today,adv,-,6,A1,Time word
хотіти,/xɔˈtʲitɪ/,to want,verb,-,6,A1,"Irregular: хочу, хочеш..."
читати,/tʃɪˈtɑtɪ/,to read,verb,-,6,A1,"Class I: читаю, читаєш..."
завжди,/ˈzɑvʒdɪ/,always,adv,-,7,A1,Frequency
звідки,/ˈzvʲidkɪ/,where from,adv,-,7,A1,Origin/source
коли,/kɔˈlɪ/,when,adv,-,7,A1,Time question
куди,/kuˈdɪ/,where to (direction),adv,-,7,A1,Movement toward
ніде,/nʲiˈdɛ/,nowhere,adv,-,7,A1,Requires не with verb
ніколи,/nʲiˈkɔlɪ/,never,adv,-,7,A1,Requires не with verb
ніхто,/nʲixˈtɔ/,nobody,pron,-,7,A1,Requires не with verb
ніщо,/nʲiʃˈtʃɔ/,nothing,pron,-,7,A1,Requires не with verb
ніякий,/nʲijɑˈkɪj/,no kind of,pron,m,7,A1,Requires не with verb
рідко,/ˈrʲidkɔ/,rarely,adv,-,7,A1,Frequency
скільки,/ˈskʲilʲkɪ/,how much/many,adv,-,7,A1,Quantity question
часто,/ˈtʃɑstɔ/,often,adv,-,7,A1,Frequency
чи,/tʃɪ/,whether (question particle),part,-,7,A1,Starts yes/no questions
чому,/tʃɔˈmu/,why,adv,-,7,A1,Reason question
яка,/jɑˈkɑ/,which/what kind (f),pron,f,7,A1,Agrees with noun
яке,/jɑˈkɛ/,which/what kind (n),pron,n,7,A1,Agrees with noun
який,/jɑˈkɪj/,which/what kind (m),pron,m,7,A1,Agrees with noun
іноді,/iˈnɔdʲi/,sometimes,adv,-,7,A1,Frequency
бачити,/ˈbɑtʃɪtɪ/,to see,verb,-,8,A1,"бачу, бачиш, бачить"
вчити,/ˈwtʃɪtɪ/,to teach/learn,verb,-,8,A1,"вчу, вчиш, вчить"
вчитися,/ˈwtʃɪtɪsʲɑ/,"to study, learn",verb,-,8,A1,"Reflexive: вчуся, вчишся"
дякувати,/dʲɑkuˈvɑtɪ/,to thank,verb,-,8,A1,"Class I: дякую, дякуєш"
жити,/ˈʒɪtɪ/,to live,verb,-,8,A1,"живу, живеш, живе"
купувати,/kupuˈvɑtɪ/,to buy,verb,-,8,A1,"Class I: купую, купуєш"
лежати,/lɛˈʒɑtɪ/,to lie down,verb,-,8,A1,"лежу, лежиш, лежить"
любити,/lʲuˈbɪtɪ/,to love,verb,-,8,A1,"люблю (б→бл), любиш, любить"
носити,/nɔˈsɪtɪ/,"to carry, wear",verb,-,8,A1,"ношу (с→ш), носиш, носить"
пити,/ˈpɪtɪ/,to drink,verb,-,8,A1,"Irregular: п'ю, п'єш, п'є"
просити,/prɔˈsɪtɪ/,"to ask, request",verb,-,8,A1,"прошу (с→ш), просиш, просить"
сидіти,/sɪˈdʲitɪ/,to sit,verb,-,8,A1,"сиджу (д→дж), сидиш, сидить"
спати,/ˈspɑtɪ/,to sleep,verb,-,8,A1,"сплю, спиш, спить"
стояти,/stɔˈjɑtɪ/,to stand,verb,-,8,A1,"стою, стоїш, стоїть"
телефонувати,/tɛlɛfɔnuˈvɑtɪ/,to call (phone),verb,-,8,A1,Class I: телефоную
ходити,/xɔˈdɪtɪ/,"to walk, go",verb,-,8,A1,"ходжу (д→дж), ходиш, ходить"
їсти,/ˈjistɪ/,to eat,verb,-,8,A1,"Irregular: їм, їси, їсть"
вісім,/ˈvʲisʲim/,eight,num,-,9,A1,
готівка,/ɦɔˈtʲivkɑ/,cash,noun,f,9,A1,
гривня,/ˈɦrɪvnʲɑ/,hryvnia (₴),noun,f,9,A1,"2-4: гривні, 5+: гривень"
два,/dvɑ/,two (m/n),num,-,9,A1,дві (f)
двадцять,/ˈdvɑd͡tsʲɑtʲ/,twenty,num,-,9,A1,
дев'ять,/ˈdɛvjɑtʲ/,nine,num,-,9,A1,
десять,/ˈdɛsʲɑtʲ/,ten,num,-,9,A1,
дешево,/ˈdɛʃɛvɔ/,cheap,adv,-,9,A1,
дорого,/ˈdɔrɔɦɔ/,expensive,adv,-,9,A1,
знижка,/ˈznɪʒkɑ/,discount,noun,f,9,A1,
картка,/ˈkɑrtkɑ/,card,noun,f,9,A1,Bank card
копійка,/kɔˈpʲijkɑ/,kopeck,noun,f,9,A1,"2-4: копійки, 5+: копійок"
коштувати,/kɔʃtuˈvɑtɪ/,to cost,verb,-,9,A1,коштує (it costs)
нуль,/nulʲ/,zero,num,m,9,A1,
один,/ɔˈdɪn/,one (m),num,m,9,A1,"одна (f), одне (n)"
п'ятдесят,/pjɑtdɛˈsʲɑt/,fifty,num,-,9,A1,
п'ять,/pjɑtʲ/,five,num,-,9,A1,
решта,/ˈrɛʃtɑ/,change (money),noun,f,9,A1,
сорок,/ˈsɔrɔk/,forty,num,-,9,A1,Irregular!
сто,/stɔ/,hundred,num,-,9,A1,
сім,/sʲim/,seven,num,-,9,A1,
три,/trɪ/,three,num,-,9,A1,
тридцять,/ˈtrɪd͡tsʲɑtʲ/,thirty,num,-,9,A1,
ціна,/t͡sʲiˈnɑ/,price,noun,f,9,A1,
чотири,/tʃɔˈtɪrɪ/,four,num,-,9,A1,
шість,/ʃʲistʲ/,six,num,-,9,A1,
брати,/ˈbrɑtɪ/,to take,verb,-,11,A1,"беру, береш + Acc"
валіза,/vɑˈlʲizɑ/,suitcase,noun,f,11,A1,валізу in Acc
відкривати,/vʲidkrɪˈvɑtɪ/,to open,verb,-,11,A1,відкриваю + Acc
газета,/ɦɑˈzɛtɑ/,newspaper,noun,f,11,A1,газету in Acc
давати,/dɑˈvɑtɪ/,to give,verb,-,11,A1,"даю, даєш + Acc"
документ,/dɔkuˈmɛnt/,document,noun,m,11,A1,No change
журнал,/ʒurˈnɑl/,magazine,noun,m,11,A1,No change in Acc
закривати,/zɑkrɪˈvɑtɪ/,to close,verb,-,11,A1,закриваю + Acc
квиток,/kvɪˈtɔk/,ticket,noun,m,11,A1,No change
класти,/ˈklɑstɪ/,to put,verb,-,11,A1,"кладу, кладеш + Acc"
конверт,/kɔnˈvɛrt/,envelope,noun,m,11,A1,No change
коробка,/kɔˈrɔbkɑ/,box,noun,f,11,A1,коробку in Acc
мати,/ˈmɑtɪ/,to have,verb,-,11,A1,"маю, маєш + Acc"
нести,/ˈnɛstɪ/,to carry,verb,-,11,A1,"несу, несеш + Acc"
паспорт,/ˈpɑspɔrt/,passport,noun,m,11,A1,No change
подарунок,/pɔdɑˈrunɔk/,gift,noun,m,11,A1,No change
посилка,/pɔˈsɪlkɑ/,package,noun,f,11,A1,посилку in Acc
чути,/ˈtʃutɪ/,to hear,verb,-,11,A1,"чую, чуєш + Acc"
водій,/vɔˈdʲij/,driver,noun,m,12,A1,Acc: водія
гість,/ɦʲistʲ/,guest,noun,m,12,A1,Acc: гостя
директор,/dɪˈrɛktɔr/,director,noun,m,12,A1,Acc: директора
колега,/kɔˈlɛɦɑ/,colleague,noun,m/f,12,A1,"m: колегу, f: колегу"
лікар,/ˈlʲikɑr/,doctor (m),noun,m,12,A1,Acc: лікаря
лікарка,/lʲiˈkɑrkɑ/,doctor (f),noun,f,12,A1,Acc: лікарку
менеджер,/mɛˈnɛd͡ʒɛr/,manager,noun,m,12,A1,Acc: менеджера
офіціант,/ɔfʲit͡sʲiˈɑnt/,waiter,noun,m,12,A1,Acc: офіціанта
офіціантка,/ɔfʲit͡sʲiˈɑntkɑ/,waitress,noun,f,12,A1,Acc: офіціантку
пасажир,/pɑsɑˈʒɪr/,passenger,noun,m,12,A1,Acc: пасажира
продавець,/prɔdɑˈvɛt͡sʲ/,seller (m),noun,m,12,A1,Acc: продавця
продавчиня,/prɔdɑvˈtʃɪnʲɑ/,seller (f),noun,f,12,A1,Acc: продавчиню
сусід,/suˈsʲid/,neighbor (m),noun,m,12,A1,Acc: сусіда
сусідка,/suˈsʲidkɑ/,neighbor (f),noun,f,12,A1,Acc: сусідку
Київ,/ˈkɪjiu̯/,Kyiv,noun,m,13,A1,Loc: Києві
аеропорт,/ɑɛrɔˈpɔrt/,airport,noun,m,13,A1,Loc: аеропорту
в / у,/v/ /u/,"in, at",prep,-,13,A1,"В after vowels, У after consonants"
вулиця,/ˈvulɪt͡sʲɑ/,street,noun,f,13,A1,Loc: вулиці
готель,/ɦɔˈtɛlʲ/,hotel,noun,m,13,A1,Loc: готелі
кімната,/kʲimˈnɑtɑ/,room,noun,f,13,A1,Loc: кімнаті
магазин,/mɑɦɑˈzɪn/,store,noun,m,13,A1,Loc: магазині
на,/nɑ/,"on, at",prep,-,13,A1,"Surfaces, events, open areas"
офіс,/ˈɔfʲis/,office,noun,m,13,A1,Loc: офісі
площа,/ˈplɔʃt͡ʃɑ/,square,noun,f,13,A1,Loc: площі
ресторан,/rɛstɔˈrɑn/,restaurant,noun,m,13,A1,Loc: ресторані
станція,/ˈstɑnt͡sʲijɑ/,station,noun,f,13,A1,Loc: станції
університет,/unʲivɛrsɪˈtɛt/,university,noun,m,13,A1,Loc: університеті
центр,/t͡sɛntr/,center,noun,m,13,A1,Loc: центрі
школа,/ˈʃkɔlɑ/,school,noun,f,13,A1,Loc: школі
ваш,/vɑʃ/,"your (m, formal)",pron,m,14,A1,"ваша (f), ваше (n), ваші (pl)"
машина,/mɑˈʃɪnɑ/,car,noun,f,14,A1,
наш,/nɑʃ/,our (m),pron,m,14,A1,"наша (f), наше (n), наші (pl)"
родина,/rɔˈdɪnɑ/,family,noun,f,14,A1,
річ,/rʲitʃ/,thing,noun,f,14,A1,Plural: речі
свій,/svʲij/,one's own (m),pron,m,14,A1,"своя (f), своє (n), свої (pl)"
чий,/tʃɪj/,whose (m),pron,m,14,A1,"чия (f), чиє (n), чиї (pl)"
їхній,/ˈjixnʲij/,their (m),pron,m,14,A1,"їхня (f), їхнє (n), їхні (pl)"
аптека,/ɑpˈtɛkɑ/,pharmacy,noun,f,15,A1,
близько,/ˈblɪzʲkɔ/,"near, close",adv,-,15,A1,
біля,/ˈbʲilʲɑ/,"near, by",prep,-,15,A1,+ genitive
вихід,/ˈvɪxʲid/,exit,noun,m,15,A1,
вхід,/vxʲid/,entrance,noun,m,15,A1,
далеко,/dɑˈlɛkɔ/,far,adv,-,15,A1,
до,/dɔ/,"to, toward",prep,-,15,A1,+ genitive
за,/zɑ/,behind,prep,-,15,A1,+ instrumental
зупинка,/zuˈpɪnkɑ/,stop,noun,f,15,A1,"Bus, tram stop"
йти,/jtɪ/,to go (on foot),verb,-,15,A1,"Imp: йди, йдіть"
квартал,/kvɑrˈtɑl/,block,noun,m,15,A1,
ліворуч,/lʲiˈvɔrutʃ/,to the left,adv,-,15,A1,ліво = left
лікарня,/lʲiˈkɑrnʲɑ/,hospital,noun,f,15,A1,
навпроти,/nɑuˈprɔtɪ/,opposite,prep,-,15,A1,+ genitive
назад,/nɑˈzɑd/,back,adv,-,15,A1,
перейти,/pɛrɛjˈtɪ/,to cross,verb,-,15,A1,"Imp: перейди, перейдіть"
повернути,/pɔvɛrˈnutɪ/,to turn,verb,-,15,A1,"Imp: поверни, поверніть"
пошта,/ˈpɔʃtɑ/,post office,noun,f,15,A1,
праворуч,/prɑˈvɔrutʃ/,to the right,adv,-,15,A1,право = right
прямо,/ˈprʲɑmɔ/,straight,adv,-,15,A1,
ринок,/ˈrɪnɔk/,market,noun,m,15,A1,
ріг,/rʲiɦ/,corner,noun,m,15,A1,За рогом
без,/bɛz/,without,prep,-,16,A1,+ genitive
від,/vʲid/,from,prep,-,16,A1,+ genitive
гроші,/ˈɦrɔʃʲi/,money,noun,pl,16,A1,Gen: грошей
для,/dlʲɑ/,for,prep,-,16,A1,+ genitive
з / із,/z/ /iz/,"from, out of",prep,-,16,A1,+ genitive
кілограм,/kʲilɔˈɦrɑm/,kilogram,noun,m,16,A1,Gen: кілограма
кінець,/kʲiˈnɛt͡sʲ/,end,noun,m,16,A1,Gen: кінця
немає,/nɛˈmɑjɛ/,there is no,verb,-,16,A1,+ genitive
пляшка,/ˈplʲɑʃkɑ/,bottle,noun,f,16,A1,Gen: пляшки
початок,/pɔˈtʃɑtɔk/,beginning,noun,m,16,A1,Gen: початку
після,/ˈpʲislʲɑ/,after,prep,-,16,A1,+ genitive
сторінка,/stɔˈrʲinkɑ/,page,noun,f,16,A1,Gen: сторінки
хліб,/xlʲib/,bread,noun,m,16,A1,Gen: хліба
цукор,/ˈt͡sukɔr/,sugar,noun,m,16,A1,Gen: цукру
час,/tʃɑs/,time,noun,m,16,A1,Gen: часу
чашка,/ˈtʃɑʃkɑ/,cup,noun,f,16,A1,Gen: чашки
борщ,/bɔrʃtʃ/,borscht,noun,m,17,A1,Beet soup
вареники,/vɑˈrɛnɪkɪ/,dumplings,noun,pl,17,A1,Singular: вареник
вечеря,/vɛˈtʃɛrʲɑ/,dinner,noun,f,17,A1,
картопля,/kɑrˈtɔplʲɑ/,potato,noun,f,17,A1,"Collective, no plural"
каша,/ˈkɑʃɑ/,porridge,noun,f,17,A1,"Buckwheat, oats, etc."
курка,/ˈkurkɑ/,chicken,noun,f,17,A1,
м'ясо,/ˈmjɑsɔ/,meat,noun,n,17,A1,
обід,/ɔˈbʲid/,lunch,noun,m,17,A1,
огірок,/ɔˈɦʲirɔk/,cucumber,noun,m,17,A1,
помідор,/pɔmʲiˈdɔr/,tomato,noun,m,17,A1,
риба,/ˈrɪbɑ/,fish,noun,f,17,A1,
сало,/ˈsɑlɔ/,pork fat,noun,n,17,A1,"Cured, sliced thin"
свіжий,/ˈsvʲiʒɪj/,fresh,adj,m,17,A1,"свіжа (f), свіже (n)"
смачний,/ˈsmɑtʃnɪj/,tasty,adj,m,17,A1,"смачна (f), смачне (n)"
смачного,/smɑtʃˈnɔɦɔ/,bon appétit,phrase,-,17,A1,"Literally ""of tasty"""
сніданок,/snʲiˈdɑnɔk/,breakfast,noun,m,17,A1,
їжа,/ˈjizʲɑ/,food,noun,f,17,A1,
взяти,/ˈvzʲɑtɪ/,to take,verb,-,18,A1,Я візьму (I'll take)
гарячий,/ɦɑˈrʲɑtʃɪj/,hot,adj,m,18,A1,
замовляти,/zɑmɔvˈlʲɑtɪ/,to order,verb,-,18,A1,"замовляю, замовляєш"
меню,/mɛˈnʲu/,menu,noun,n,18,A1,Indeclinable
можна,/ˈmɔʒnɑ/,"may, can",adv,-,18,A1,Permission
місце,/ˈmʲist͡sɛ/,"seat, place",noun,n,18,A1,
на виніс,/nɑ ˈvɪnʲis/,to go,phrase,-,18,A1,Takeaway
принести,/prɪnɛsˈtɪ/,to bring,verb,-,18,A1,"Imp: принеси, принесіть"
рахунок,/rɑˈxunɔk/,"bill, check",noun,m,18,A1,
склянка,/ˈsklʲɑnkɑ/,glass,noun,f,18,A1,
столик,/ˈstɔlɪk/,table (small),noun,m,18,A1,Diminutive of стіл
страва,/ˈstrɑvɑ/,"dish, course",noun,f,18,A1,
холодний,/xɔˈlɔdnɪj/,cold,adj,m,18,A1,
чайові,/tʃɑjɔˈvʲi/,tip,noun,pl,18,A1,"Literally ""for tea"""
білий,/ˈbʲilɪj/,white,adj,m,19,A1,
більший,/ˈbʲilʲʃɪj/,bigger,adj,m,19,A1,Comparative
великий,/vɛˈlɪkɪj/,"big, large",adj,m,19,A1,"велика (f), велике (n)"
занадто,/zɑˈnɑdtɔ/,too (excessive),adv,-,19,A1,
каса,/ˈkɑsɑ/,cash register,noun,f,19,A1,
колір,/ˈkɔlʲir/,color,noun,m,19,A1,Gen: кольору
маленький,/mɑˈlɛnʲkɪj/,small,adj,m,19,A1,маленька (f)
менший,/ˈmɛnʃɪj/,smaller,adj,m,19,A1,Comparative
пакет,/pɑˈkɛt/,bag,noun,m,19,A1,Plastic bag
примірочна,/prɪˈmʲirɔtʃnɑ/,fitting room,noun,f,19,A1,
приміряти,/prɪmʲirʲˈɑtɪ/,to try on,verb,-,19,A1,
продавати,/prɔdɑˈvɑtɪ/,to sell,verb,-,19,A1,"продаю, продаєш"
розмір,/ˈrɔzmʲir/,size,noun,m,19,A1,
чек,/tʃɛk/,receipt,noun,m,19,A1,
чорний,/ˈtʃɔrnɪj/,black,adj,m,19,A1,
був,/buv/,was (m),verb,m,21,A1,Past of бути
була,/buˈlɑ/,was (f),verb,f,21,A1,Past of бути
були,/buˈlɪ/,were,verb,pl,21,A1,Past of бути
було,/ˈbulɔ/,was (n),verb,n,21,A1,Past of бути
вже,/vʒɛ/,already,adv,-,21,A1,
вчора,/ˈwtʃɔrɑ/,yesterday,adv,-,21,A1,
давно,/ˈdɑvnɔ/,long ago,adv,-,21,A1,
минулий,/mɪˈnulɪj/,"last, past",adj,m,21,A1,минулого тижня
недавно,/nɛˈdɑvnɔ/,recently,adv,-,21,A1,
позавчора,/pɔzɑˈwtʃɔrɑ/,day before yesterday,adv,-,21,A1,
потім,/pɔˈtʲim/,"then, later",adv,-,21,A1,
раніше,/ˈrɑnʲiʃɛ/,"earlier, before",adv,-,21,A1,
тоді,/tɔˈdʲi/,then,adv,-,21,A1,
ще не,/ʃtʃɛ nɛ/,not yet,phrase,-,21,A1,
ішла,/iʃˈlɑ/,went (f),verb,f,21,A1,Past of йти
ішов,/iˈʃɔv/,went (m),verb,m,21,A1,Past of йти
буде,/ˈbudɛ/,will be,verb,-,22,A1,він/вона/воно
будемо,/ˈbudɛmɔ/,we will be,verb,-,22,A1,ми form
будете,/ˈbudɛtɛ/,you will be,verb,-,22,A1,ви form
будеш,/ˈbudɛʃ/,you will be,verb,-,22,A1,ти form
буду,/ˈbudu/,I will be,verb,-,22,A1,Future of бути
будуть,/ˈbudutʲ/,they will be,verb,-,22,A1,вони form
збиратися,/zbɪˈrɑtɪsʲɑ/,to be going to,verb,-,22,A1,збираюся
зробити,/zrɔˈbɪtɪ/,to do (perf),verb,-,22,A1,Simple future: зроблю
написати,/nɑpɪˈsɑtɪ/,to write (perf),verb,-,22,A1,Simple future: напишу
наступний,/nɑˈstupnɪj/,next,adj,m,22,A1,наступного тижня
планувати,/plɑnuˈvɑtɪ/,to plan,verb,-,22,A1,планую
прочитати,/prɔtʃɪˈtɑtɪ/,to read (perf),verb,-,22,A1,Simple future: прочитаю
пізніше,/ˈpʲizʲnʲiʃɛ/,later,adv,-,22,A1,
післязавтра,/pʲislʲɑˈzɑvtrɑ/,day after tomorrow,adv,-,22,A1,
скоро,/ˈskɔrɔ/,soon,adv,-,22,A1,
весна,/vɛsˈnɑ/,spring,noun,f,23,A1,Adv: навесні
вівторок,/vʲivˈtɔrɔk/,Tuesday,noun,m,23,A1,
година,/ɦɔˈdɪnɑ/,hour,noun,f,23,A1,
зима,/zɪˈmɑ/,winter,noun,f,23,A1,Adv: взимку
лютий,/ˈlʲutɪj/,February,noun,m,23,A1,Loc: у лютому
літо,/ˈlʲitɔ/,summer,noun,n,23,A1,Adv: влітку
місяць,/ˈmʲisʲɑt͡sʲ/,month,noun,m,23,A1,Gen: місяця
неділя,/nɛˈdʲilʲɑ/,Sunday,noun,f,23,A1,
осінь,/ˈɔsʲinʲ/,autumn,noun,f,23,A1,Adv: восени
п'ятниця,/ˈpjɑtnɪt͡sʲɑ/,Friday,noun,f,23,A1,
понеділок,/pɔnɛˈdʲilɔk/,Monday,noun,m,23,A1,
рік,/rʲik/,year,noun,m,23,A1,Gen: року
середа,/sɛˈrɛdɑ/,Wednesday,noun,f,23,A1,
субота,/suˈbɔtɑ/,Saturday,noun,f,23,A1,
січень,/ˈsʲitʃɛnʲ/,January,noun,m,23,A1,Loc: у січні
тиждень,/ˈtɪʒdɛnʲ/,week,noun,m,23,A1,Gen: тижня
хвилина,/xvɪˈlɪnɑ/,minute,noun,f,23,A1,
четвер,/ˈtʃɛtvɛr/,Thursday,noun,m,23,A1,
відпочити,/vʲidpɔˈtʃɪtɪ/,to rest,verb,-,24,A1,
допомогти,/dɔpɔmɔɦˈtɪ/,to help (perf),verb,-,24,A1,
закінчити,/zɑˈkʲintʃɪtɪ/,to finish,verb,-,24,A1,
зрозуміти,/zrɔzuˈmʲitɪ/,to understand (perf),verb,-,24,A1,
могти,/mɔɦˈtɪ/,"can, to be able",verb,-,24,A1,"можу, можеш, може"
мусити,/muˈsɪtɪ/,"must, have to",verb,-,24,A1,"мушу, мусиш, мусить"
платити,/plɑˈtɪtɪ/,to pay,verb,-,24,A1,
повинен,/pɔˈvɪnɛn/,"should, ought to (m)",adj,m,24,A1,"повинна (f), повинні (pl)"
поспішати,/pɔspʲiˈʃɑtɪ/,to hurry,verb,-,24,A1,
потрібно,/pɔˈtrʲibnɔ/,it's needed,adv,-,24,A1,= треба
почекати,/pɔtʃɛˈkɑtɪ/,to wait (perf),verb,-,24,A1,
треба,/ˈtrɛbɑ/,it's necessary,adv,-,24,A1,+ dative + infinitive
вечеряти,/vɛtʃɛˈrʲɑtɪ/,to have dinner,verb,-,25,A1,
виходити,/vɪxɔˈdɪtɪ/,"to go out, leave",verb,-,25,A1,
вмиватися,/vmɪˈvɑtɪsʲɑ/,to wash (face),verb,-,25,A1,Reflexive
вставати,/vstɑˈvɑtɪ/,to get up,verb,-,25,A1,"встаю, встаєш"
голитися,/ɦɔˈlɪtɪsʲɑ/,to shave,verb,-,25,A1,Reflexive
душ,/duʃ/,shower,noun,m,25,A1,приймати душ
зазвичай,/zɑˈzvɪtʃɑj/,usually,adv,-,25,A1,
засинати,/zɑsɪˈnɑtɪ/,to fall asleep,verb,-,25,A1,
зуби,/ˈzubɪ/,teeth,noun,pl,25,A1,Singular: зуб
лягати,/lʲɑˈɦɑtɪ/,to lie down,verb,-,25,A1,лягати спати
обідати,/ɔˈbʲidɑtɪ/,to have lunch,verb,-,25,A1,
одягатися,/ɔˈdʲɑɦɑtɪsʲɑ/,to get dressed,verb,-,25,A1,Reflexive
повертатися,/pɔvɛrˈtɑtɪsʲɑ/,to return,verb,-,25,A1,Reflexive
прокидатися,/prɔkɪˈdɑtɪsʲɑ/,to wake up,verb,-,25,A1,Reflexive
роздягатися,/rɔzˈdʲɑɦɑtɪsʲɑ/,to undress,verb,-,25,A1,Reflexive
снідати,/snʲiˈdɑtɪ/,to have breakfast,verb,-,25,A1,
спочатку,/spɔˈtʃɑtku/,"first, at first",adv,-,25,A1,
чистити,/ˈtʃɪstɪtɪ/,"to clean, brush",verb,-,25,A1,чистити зуби
щодня,/ʃtʃɔˈdnʲɑ/,every day,adv,-,25,A1,
важкий,/vɑʒˈkɪj/,"hard, heavy",adj,m,26,A1,"важка (f), важке (n)"
гарний,/ˈɦɑrnɪj/,"beautiful, nice",adj,m,26,A1,"гарна (f), гарне (n)"
добрий,/ˈdɔbrɪj/,"good, kind",adj,m,26,A1,"добра (f), добре (n)"
легкий,/ˈlɛɦkɪj/,"easy, light",adj,m,26,A1,"легка (f), легке (n)"
молодий,/mɔˈlɔdɪj/,young,adj,m,26,A1,"молода (f), молоде (n)"
новий,/nɔˈvɪj/,new,adj,m,26,A1,"нова (f), нове (n)"
поганий,/pɔˈɦɑnɪj/,bad,adj,m,26,A1,"погана (f), погане (n)"
розумний,/rɔˈzumnɪj/,smart,adj,m,26,A1,"розумна (f), розумне (n)"
старий,/stɑˈrɪj/,old,adj,m,26,A1,"стара (f), старе (n)"
сумний,/ˈsumnɪj/,sad,adj,m,26,A1,"сумна (f), сумне (n)"
цікавий,/t͡sʲiˈkɑvɪj/,interesting,adj,m,26,A1,"цікава (f), цікаве (n)"
чистий,/ˈtʃɪstɪj/,clean,adj,m,26,A1,"чиста (f), чисте (n)"
щасливий,/ʃtʃɑsˈlɪvɪj/,happy,adj,m,26,A1,"щаслива (f), щасливе (n)"
високий,/vɪˈsɔkɪj/,tall,adj,m,27,A1,
вишиванка,/vɪʃɪˈvɑnkɑ/,embroidered shirt,noun,f,27,A1,Traditional
волосся,/vɔˈlɔsʲːɑ/,hair,noun,n,27,A1,"Collective, singular"
джинси,/ˈd͡ʒɪnsɪ/,jeans,noun,pl,27,A1,Always plural
кросівки,/krɔˈsʲivkɪ/,sneakers,noun,pl,27,A1,
куртка,/ˈkurtkɑ/,jacket,noun,f,27,A1,
одяг,/ˈɔdʲɑɦ/,clothes,noun,m,27,A1,Collective
очі,/ˈɔtʃʲi/,eyes,noun,pl,27,A1,Singular: око
пальто,/pɑlʲˈtɔ/,coat,noun,n,27,A1,Indeclinable
светр,/svɛtr/,sweater,noun,m,27,A1,
сорочка,/sɔˈrɔtʃkɑ/,shirt,noun,f,27,A1,
спідниця,/spʲidˈnɪt͡sʲɑ/,skirt,noun,f,27,A1,
сукня,/ˈsuknʲɑ/,dress,noun,f,27,A1,Also: плаття
футболка,/futˈbɔlkɑ/,t-shirt,noun,f,27,A1,
худий,/xuˈdɪj/,thin,adj,m,27,A1,
черевики,/tʃɛrɛˈvɪkɪ/,shoes,noun,pl,27,A1,
штани,/ʃtɑˈnɪ/,pants,noun,pl,27,A1,Always plural
веселка,/vɛˈsɛlkɑ/,rainbow,noun,f,28,A1,
вітер,/ˈvʲitɛr/,wind,noun,m,28,A1,Дме вітер
градус,/ˈɦrɑdus/,degree,noun,m,28,A1,
гроза,/ɦrɔˈzɑ/,thunderstorm,noun,f,28,A1,
дощ,/dɔʃtʃ/,rain,noun,m,28,A1,Йде дощ
жарко,/ˈʒɑrkɔ/,hot (adv),adv,-,28,A1,Impersonal
мороз,/mɔˈrɔz/,frost,noun,m,28,A1,
парасолька,/pɑrɑˈsɔlʲkɑ/,umbrella,noun,f,28,A1,
погода,/pɔˈɦɔdɑ/,weather,noun,f,28,A1,
сніг,/snʲiɦ/,snow,noun,m,28,A1,Йде сніг
сонячний,/sɔˈnʲɑtʃnɪj/,sunny,adj,m,28,A1,
температура,/tɛmpɛrɑˈturɑ/,temperature,noun,f,28,A1,
тепло,/ˈtɛplɔ/,warm (adv),adv,-,28,A1,Impersonal
туман,/tuˈmɑn/,fog,noun,m,28,A1,
хмара,/ˈxmɑrɑ/,cloud,noun,f,28,A1,
хмарний,/ˈxmɑrnɪj/,cloudy,adj,m,28,A1,
холодно,/ˈxɔlɔdnɔ/,cold (adv),adv,-,28,A1,Impersonal
бабуся,/bɑˈbusʲɑ/,grandma,noun,f,29,A1,
батьки,/ˈbɑtʲkɪ/,parents,noun,pl,29,A1,
батько,/ˈbɑtʲkɔ/,father,noun,m,29,A1,Formal
дитина,/dɪˈtɪnɑ/,child,noun,f,29,A1,Pl: діти!
дочка,/ˈdɔtʃkɑ/,daughter,noun,f,29,A1,Pl: дочки
дружина,/druˈʒɪnɑ/,wife,noun,f,29,A1,
дідусь,/dʲiˈdusʲ/,grandpa,noun,m,29,A1,
одружений,/ɔˈdruʒɛnɪj/,married (m),adj,m,29,A1,одружена (f)
родич,/ˈrɔdɪtʃ/,relative,noun,m,29,A1,Pl: родичі
син,/sɪn/,son,noun,m,29,A1,Pl: сини
чоловік,/tʃɔlɔˈvʲik/,husband,noun,m,29,A1,Also: man
вам,/vɑm/,to you,pron,-,31,A2,Dat. of ви
дарувати,/dɑruˈvɑtɪ/,to gift (impf),verb,-,31,A2,+ dat
дати,/ˈdɑtɪ/,to give (pf),verb,-,31,A2,+ dat
дзвонити,/dzvoˈnɪtɪ/,to call (impf),verb,-,31,A2,+ dat
допомагати,/dopoˈmɑɦɑtɪ/,to help (impf),verb,-,31,A2,+ dat
здаватися,/zdɑˈvɑtɪsʲɑ/,to seem,verb,-,31,A2,+ dat
йому,/joˈmu/,to him/it,pron,-,31,A2,Dat. of він/воно
казати,/kɑˈzɑtɪ/,to tell (impf),verb,-,31,A2,+ dat
кому,/koˈmu/,to whom,pron,-,31,A2,Dat. question
мені,/meˈnʲi/,to me,pron,-,31,A2,Dat. of я
нам,/nɑm/,to us,pron,-,31,A2,Dat. of ми
подарувати,/podɑruˈvɑtɪ/,to gift (pf),verb,-,31,A2,+ dat
подзвонити,/podzvonɪtɪ/,to call (pf),verb,-,31,A2,+ dat
подобатися,/podoˈbɑtɪsʲɑ/,"to please, like",verb,-,31,A2,+ dat
показати,/pokɑˈzɑtɪ/,to show (pf),verb,-,31,A2,+ dat
показувати,/pokɑˈzuvɑtɪ/,to show (impf),verb,-,31,A2,+ dat
потрібний,/poˈtrʲibnɪj/,needed,adj,m,31,A2,+ dat for person
сказати,/skɑˈzɑtɪ/,to tell (pf),verb,-,31,A2,+ dat
тобі,/toˈbʲi/,to you,pron,-,31,A2,Dat. of ти
їй,/jij/,to her,pron,-,31,A2,Dat. of вона
їм,/jim/,to them,pron,-,31,A2,Dat. of вони
адресат,/ɑdrɛˈsɑt/,addressee,noun,m,32,A2,
відповідь,/ʋʲidpoˈʋʲidʲ/,answer,noun,f,32,A2,
допомога,/dopoˈmoɦɑ/,help,noun,f,32,A2,
запрошення,/zɑproˈʃɛnʲːɑ/,invitation,noun,n,32,A2,
клієнт,/klʲiˈjɛnt/,client,noun,m,32,A2,Dat: клієнтові
отримувач,/otrɪˈmuvɑtʃ/,recipient,noun,m,32,A2,
повідомлення,/poʋʲiˈdomlɛnʲːɑ/,message,noun,n,32,A2,
порада,/poˈrɑdɑ/,advice,noun,f,32,A2,
підтримка,/pʲidˈtrɪmkɑ/,support,noun,f,32,A2,
бракувати,/brɑkuˈvɑtɪ/,to lack,verb,-,33,A2,+ dat + gen
важко,/ˈvɑʒko/,"hard, difficult",adv,-,33,A2,+ dat
вдаватися,/vdɑˈvɑtɪsʲɑ/,to succeed,verb,-,33,A2,+ dat
весело,/ˈvɛsɛlo/,"fun, merry",adv,-,33,A2,+ dat
відповідати,/vidpoviˈdɑtɪ/,to answer,verb,-,33,A2,+ dat
досвід,/ˈdosvʲid/,experience,noun,m,33,A2,
заважати,/zɑvɑˈʒɑtɪ/,to disturb,verb,-,33,A2,+ dat
личити,/lɪˈtʃɪtɪ/,to suit/become,verb,-,33,A2,+ dat
належати,/nɑlɛˈʒɑtɪ/,to belong,verb,-,33,A2,+ dat
повідомляти,/poviˈdomlʲɑtɪ/,to inform,verb,-,33,A2,+ dat
радити,/ˈrɑdɪtɪ/,to advise,verb,-,33,A2,+ dat
снитися,/snɪˈtɪsʲɑ/,to appear in dream,verb,-,33,A2,+ dat
сумно,/ˈsumno/,sad,adv,-,33,A2,+ dat
щастити,/ʃtʃɑˈstɪtɪ/,to be lucky,verb,-,33,A2,+ dat
вами,/ˈvɑmɪ/,(with) you,pron,-,34,A2,Instr. of ви
вітатися,/viˈtɑtɪsʲɑ/,to greet,verb,-,34,A2,з + instr
з/із/зі,"/z/, /iz/, /zʲi/",with,prep,-,34,A2,+ instr
знайомитися,/znɑˈjomɪtɪsʲɑ/,to get acquainted,verb,-,34,A2,з + instr
зустрічатися,/zustriˈtʃɑtɪsʲɑ/,to meet,verb,-,34,A2,з + instr
компанія,/kompɑˈnʲijɑ/,"company, group",noun,f,34,A2,
мною,/mnoju/,(with) me,pron,-,34,A2,Instr. of я
нами,/ˈnɑmɪ/,(with) us,pron,-,34,A2,Instr. of ми
нею,/ˈnɛju/,(with) her,pron,-,34,A2,Instr. of вона
ним,/nɪm/,(with) him/it,pron,-,34,A2,Instr. of він/воно
ними,/ˈnɪmɪ/,(with) them,pron,-,34,A2,Instr. of вони
прощатися,/proʃˈtʃɑtɪsʲɑ/,to say goodbye,verb,-,34,A2,з + instr
разом,/ˈrɑzom/,together,adv,-,34,A2,
тобою,/toˈboju/,(with) you,pron,-,34,A2,Instr. of ти
удвох,/udˈvox/,the two (together),adv,-,34,A2,
утрьох,/uˈtrʲox/,the three (together),adv,-,34,A2,
автобус,/ɑfˈtobus/,bus,noun,m,35,A2,
велосипед,/vɛlosɪˈpɛd/,bicycle,noun,m,35,A2,
виделка,/vɪˈdɛlkɑ/,fork,noun,f,35,A2,
володіти,/voloˈdʲitɪ/,"to master, own",verb,-,35,A2,+ instr
голос,/ˈɦolos/,voice,noun,m,35,A2,
займатися,/zɑjmɑˈtɪsʲɑ/,to be engaged in,verb,-,35,A2,+ instr
захоплюватися,/zɑxoplʲuˈvɑtɪsʲɑ/,to be fascinated,verb,-,35,A2,+ instr
керувати,/kɛruˈvɑtɪ/,"to drive, manage",verb,-,35,A2,+ instr
кивати,/kɪˈvɑtɪ/,to nod,verb,-,35,A2,+ instr
ложка,/ˈloʒkɑ/,spoon,noun,f,35,A2,
літак,/lʲiˈtɑk/,airplane,noun,m,35,A2,
ніж,/nʲiʒ/,knife,noun,m,35,A2,
олівець,/oliˈvɛtsʲ/,pencil,noun,m,35,A2,
поїзд,/ˈpojizd/,train,noun,m,35,A2,
трамвай,/trɑmˈvɑj/,tram,noun,m,35,A2,
тролейбус,/troˈlɛjbus/,trolleybus,noun,m,35,A2,
цікавитися,/tsʲikɑˈvɪtɪsʲɑ/,to be interested,verb,-,35,A2,+ instr
шепіт,/ˈʃɛpʲit/,whisper,noun,m,35,A2,
бухгалтер,/buxˈɦɑltɛr/,accountant,noun,m,36,A2,
вважатися,/vvɑˈʒɑtɪsʲɑ/,to be considered,verb,-,36,A2,+ instr
виявитися,/vɪjɑˈvɪtɪsʲɑ/,to turn out,verb,-,36,A2,+ instr
експерт,/ɛksˈpɛrt/,expert,noun,m,36,A2,
журналіст,/ʒurnɑˈlʲist/,journalist,noun,m,36,A2,
залишатися,/zɑlɪˈʃɑtɪsʲɑ/,to remain,verb,-,36,A2,+ instr
музикант,/muzɪˈkɑnt/,musician,noun,m,36,A2,
письменник,/pɪsʲˈmɛnnɪk/,writer,noun,m,36,A2,
програміст,/proɦrɑˈmʲist/,programmer,noun,m,36,A2,
професіонал,/profɛsʲioˈnɑl/,professional,noun,m,36,A2,
підприємець,/pʲidprɪˈjɛmɛtsʲ/,entrepreneur,noun,m,36,A2,
пілот,/pʲiˈlot/,pilot,noun,m,36,A2,
служити,/sluˈʒɪtɪ/,to serve,verb,-,36,A2,+ instr
спеціаліст,/spɛtsʲiɑˈlʲist/,specialist,noun,m,36,A2,
стати,/ˈstɑtɪ/,to become,verb,-,36,A2,+ instr
художник,/xuˈdoʒnɪk/,artist,noun,m,36,A2,
юрист,/juˈrɪst/,lawyer,noun,m,36,A2,
інженер,/inʒɛˈnɛr/,engineer,noun,m,36,A2,
вздовж,/vzdoʋʒ/,along,prep,-,37,A2,+ gen
замість,/zɑˈmʲistʲ/,instead of,prep,-,37,A2,+ gen
між,/mʲiʒ/,between,prep,-,37,A2,+ instr
навколо,/nɑfˈkolo/,around,prep,-,37,A2,+ gen
над,/nɑd/,above,prep,-,37,A2,+ instr
перед,/ˈpɛrɛd/,in front of,prep,-,37,A2,+ instr
позаду,/poˈzɑdu/,behind,prep,-,37,A2,+ gen
попереду,/popɛˈrɛdu/,"in front, ahead",prep,-,37,A2,+ gen
поруч,/ˈporutʃ/,next to,adv,-,37,A2,з + instr
посеред,/poˈsɛrɛd/,in the middle,prep,-,37,A2,+ gen
під,/pʲid/,under,prep,-,37,A2,+ acc/instr
серед,/sɛˈrɛd/,among,prep,-,37,A2,+ gen
бухгалтерія,/buxɦɑlˈtɛrʲijɑ/,accounting dept,noun,f,38,A2,
ваза,/ˈvɑzɑ/,vase,noun,f,38,A2,
задоволення,/zɑdoˈvolɛnʲːɑ/,"pleasure, satisfaction",noun,n,38,A2,
кабінет,/kɑbʲiˈnɛt/,"office, study",noun,m,38,A2,
лекція,/ˈlɛktsʲijɑ/,lecture,noun,f,38,A2,
малюнок,/mɑˈlʲunok/,"drawing, picture",noun,m,38,A2,
партнер,/pɑrtˈnɛr/,partner,noun,m,38,A2,
поверх,/ˈpovɛrx/,floor (of building),noun,m,38,A2,
полиця,/poˈlɪtsʲɑ/,shelf,noun,f,38,A2,
правило,/prɑˈvɪlo/,rule,noun,n,38,A2,
протягом,/proˈtʲɑɦom/,"during, throughout",prep,-,38,A2,+ gen
секретарка,/sɛkrɛˈtɑrkɑ/,secretary (f),noun,f,38,A2,
бандероль,/bɑndɛˈrolʲ/,small parcel,noun,f,39,A2,
банкомат,/bɑnkoˈmɑt/,ATM,noun,m,39,A2,
вага,/vɑˈɦɑ/,weight,noun,f,39,A2,
виписка,/ˈvɪpɪskɑ/,statement,noun,f,39,A2,
відправити,/vʲidprɑˈvɪtɪ/,"to send, dispatch",verb,-,39,A2,+ acc
відправник,/vʲidprɑvˈnɪk/,sender,noun,m,39,A2,
відсоток,/vʲidˈsotok/,"percent, interest",noun,m,39,A2,
депозит,/dɛpoˈzɪt/,deposit,noun,m,39,A2,
доставка,/dosˈtɑfkɑ/,delivery,noun,f,39,A2,
заповнити,/zɑˈpovnɪtɪ/,to fill out,verb,-,39,A2,+ acc
зняти,/znʲɑˈtɪ/,to withdraw,verb,-,39,A2,+ acc + з + gen
квитанція,/kvɪˈtɑntsʲijɑ/,receipt,noun,f,39,A2,
комісія,/koˈmʲisʲijɑ/,commission,noun,f,39,A2,
кредит,/krɛˈdɪt/,"credit, loan",noun,m,39,A2,
курс,/kurs/,rate,noun,m,39,A2,
листівка,/lɪsˈtʲifkɑ/,postcard,noun,f,39,A2,
марка,/ˈmɑrkɑ/,stamp,noun,f,39,A2,
надіслати,/nɑdʲisˈlɑtɪ/,to send,verb,-,39,A2,+ acc + dat
обмін,/obˈmʲin/,exchange,noun,m,39,A2,
обміняти,/obmʲiˈnʲɑtɪ/,to exchange,verb,-,39,A2,+ acc + на + acc
одержувач,/odɛrˈʒuvɑtʃ/,recipient,noun,m,39,A2,
переказ,/pɛrɛˈkɑz/,transfer,noun,m,39,A2,
переказати,/pɛrɛkɑˈzɑtɪ/,to transfer,verb,-,39,A2,+ acc + dat
перерахувати,/pɛrɛrɑxuˈvɑtɪ/,"to count, recount",verb,-,39,A2,+ acc
підпис,/ˈpʲidpɪs/,signature,noun,m,39,A2,
розписатися,/rozpɪˈsɑtɪsʲɑ/,to sign,verb,-,39,A2,
індекс,/ˈindɛks/,postal code,noun,m,39,A2,
вивчити,/ˈvɪvtʃɪtɪ/,to learn (perf),verb,-,41,A2,pf of вчити
вид,/vɪd/,aspect (grammatical),noun,m,41,A2,
випити,/ˈvɪpɪtɪ/,to drink (perf),verb,-,41,A2,pf of пити
доконаний,/doˈkonɑnɪj/,perfective,adj,-,41,A2,"lit. ""finished"""
з'їсти,/ˈzjistɪ/,to eat (perf),verb,-,41,A2,pf of їсти
купити,/kuˈpɪtɪ/,to buy (perf),verb,-,41,A2,pf of купувати
недоконаний,/nɛdoˈkonɑnɪj/,imperfective,adj,-,41,A2,"lit. ""unfinished"""
приготувати,/prɪɦotuˈvɑtɪ/,to cook/prepare (perf),verb,-,41,A2,pf of готувати
вийти,/ˈvɪjtɪ/,to go out,verb,-,42,A2,
відкрити,/vʲidˈkrɪtɪ/,to open (perf),verb,-,42,A2,
відповісти,/vʲidpoˈvʲistɪ/,to answer (perf),verb,-,42,A2,pf of відповідати
закрити,/zɑˈkrɪtɪ/,to close (perf),verb,-,42,A2,
запитати,/zɑpɪˈtɑtɪ/,to ask (perf),verb,-,42,A2,pf of питати
запросити,/zɑproˈsɪtɪ/,to invite (perf),verb,-,42,A2,
знайти,/znɑjˈtɪ/,to find (perf),verb,-,42,A2,pf of шукати
кінчати,/kʲinˈtʃɑtɪ/,to finish (impf),verb,-,42,A2,
побачити,/poˈbɑtʃɪtɪ/,to see (perf),verb,-,42,A2,pf of бачити
почати,/poˈtʃɑtɪ/,to begin (perf),verb,-,42,A2,
починати,/potʃɪˈnɑtɪ/,to begin (impf),verb,-,42,A2,
почути,/poˈtʃutɪ/,to hear (perf),verb,-,42,A2,pf of чути
пояснити,/pojɑsˈnɪtɪ/,to explain (perf),verb,-,42,A2,
прийти,/prɪjˈtɪ/,to arrive (on foot),verb,-,42,A2,pf of йти
приїхати,/prɪˈjixɑtɪ/,to arrive (by transport),verb,-,42,A2,pf of їхати
розповісти,/rɔzpoˈvʲistɪ/,to tell (perf),verb,-,42,A2,
відпочивати,/vʲidpotʃɪˈvɑtɪ/,to rest (impf),verb,-,43,A2,
збирати,/zbɪˈrɑtɪ/,to gather (impf),verb,-,43,A2,
зібрати,/zʲiˈbrɑtɪ/,to gather (perf),verb,-,43,A2,
нарешті,/nɑˈrɛʃtʲi/,finally,adv,-,43,A2,
перш ніж,/pɛrʃ nʲiʒ/,before,conj,-,43,A2,+ perfective
повернутися,/povɛrˈnutɪsʲɑ/,to return (perf),verb,-,43,A2,
поки,/poˈkɪ/,while,conj,-,43,A2,
прокинутися,/proˈkɪnutɪsʲɑ/,to wake up (perf),verb,-,43,A2,
після того як,/ˈpʲislʲɑ toˈɦo jɑk/,after,conj,-,43,A2,+ perfective
раптом,/ˈrɑptom/,suddenly,adv,-,43,A2,
більше,/ˈbʲilʲʃɛ/,more,adv,-,44,A2,comp of багато
вищий,/ˈvɪʃtʃɪj/,higher/taller,adj,-,44,A2,comp of високий
гірше,/ˈɦʲirʃɛ/,worse,adv,-,44,A2,comp of погано
гірший,/ˈɦʲirʃɪj/,worse,adj,-,44,A2,comp of поганий
дешевший,/dɛˈʃɛvʃɪj/,cheaper,adj,-,44,A2,comp of дешевий
дорожчий,/doˈroʒtʃɪj/,more expensive,adj,-,44,A2,comp of дорогий
значно,/ˈznɑtʃno/,significantly,adv,-,44,A2,
краще,/ˈkrɑʃtʃɛ/,better,adv,-,44,A2,comp of добре
кращий,/ˈkrɑʃtʃɪj/,better,adj,-,44,A2,comp of добрий
менше,/ˈmɛnʃɛ/,less,adv,-,44,A2,comp of мало
молодший,/moˈlodʃɪj/,younger,adj,-,44,A2,comp of молодий
набагато,/nɑbɑˈɦɑto/,much (intensifier),adv,-,44,A2,
нижчий,/ˈnɪʒtʃɪj/,lower/shorter,adj,-,44,A2,comp of низький
повільніше,/poˈvʲilʲnʲiʃɛ/,more slowly,adv,-,44,A2,comp of повільно
старіший,/stɑˈrʲiʃɪj/,older,adj,-,44,A2,comp of старий
швидше,/ˈʃvɪdʃɛ/,faster,adv,-,44,A2,comp of швидко
надзвичайно,/nɑdzvɪˈtʃɑjno/,extraordinarily,adv,-,45,A2,
найбільше,/nɑjˈbʲilʲʃɛ/,most (adv),adv,-,45,A2,sup of багато
найбільший,/nɑjˈbʲilʲʃɪj/,biggest,adj,-,45,A2,sup of великий
найважливіший,/nɑjvɑʒˈlɪvʲiʃɪj/,most important,adj,-,45,A2,sup of важливий
найвищий,/nɑjˈvɪʃtʃɪj/,highest/tallest,adj,-,45,A2,sup of високий
найголовніший,/nɑjɦolovˈnʲiʃɪj/,most main/important,adj,-,45,A2,
найгірший,/nɑjˈɦʲirʃɪj/,worst,adj,-,45,A2,sup of поганий
найдешевший,/nɑjdɛˈʃɛvʃɪj/,cheapest,adj,-,45,A2,sup of дешевий
найдорожчий,/nɑjdoˈroʒtʃɪj/,most expensive,adj,-,45,A2,sup of дорогий
найкраще,/nɑjˈkrɑʃtʃɛ/,best (adv),adv,-,45,A2,sup of добре
найкращий,/nɑjˈkrɑʃtʃɪj/,best,adj,-,45,A2,sup of добрий
найменший,/nɑjˈmɛnʃɪj/,smallest,adj,-,45,A2,sup of малий
найцікавіший,/nɑjtsʲikɑˈvʲiʃɪj/,most interesting,adj,-,45,A2,sup of цікавий
найшвидше,/nɑjˈʃvɪdʃɛ/,fastest,adv,-,45,A2,sup of швидко
неймовірно,/nɛjmoˈvʲirno/,incredibly,adv,-,45,A2,
щонайбільше,/ʃtʃonɑjˈbʲilʲʃɛ/,at most,adv,-,45,A2,
щонайменше,/ʃtʃonɑjˈmɛnʃɛ/,at least,adv,-,45,A2,
домовитися,/domoˈvɪtɪsʲɑ/,to agree (perf),verb,-,46,A2,
домовлятися,/domovˈlʲɑtɪsʲɑ/,"to agree, arrange",verb,-,46,A2,
залишитися,/zɑlɪˈʃɪtɪsʲɑ/,to stay (perf),verb,-,46,A2,
запізнитися,/zɑpʲizˈnɪtɪsʲɑ/,to be late (perf),verb,-,46,A2,
запізнюватися,/zɑpʲizˈnʲuvɑtɪsʲɑ/,to be late (impf),verb,-,46,A2,
можливо,/moʒˈlɪvo/,"possibly, maybe",adv,-,46,A2,
обов'язково,/obovjɑzˈkovo/,"definitely, certainly",adv,-,46,A2,
помилятися,/pomɪˈlʲɑtɪsʲɑ/,to be mistaken,verb,-,46,A2,
результат,/rɛzulʲˈtɑt/,result,noun,m,46,A2,
сподіватися,/spodʲiˈvɑtɪsʲɑ/,to hope,verb,-,46,A2,
умова,/uˈmovɑ/,condition,noun,f,46,A2,
якщо,/jɑkˈʃtʃo/,if,conj,-,46,A2,
інакше,/ˈinɑkʃɛ/,otherwise,adv,-,46,A2,
б,/b/,would (after vowel),part,-,47,A2,
би,/bɪ/,would (after consonant),part,-,47,A2,
було б,/buˈlo b/,would be,phrase,-,47,A2,
гіпотетичний,/ɦʲipotɛˈtɪtʃnɪj/,hypothetical,adj,-,47,A2,
мав би,/mɑv bɪ/,should (m),phrase,-,47,A2,
могли б,/moɦˈlɪ b/,could (pl/formal),phrase,-,47,A2,
можливість,/moʒˈlɪvʲistʲ/,possibility,noun,f,47,A2,
мрія,/ˈmrʲijɑ/,dream,noun,f,47,A2,
мріяти,/mrʲiˈjɑtɪ/,to dream,verb,-,47,A2,
на жаль,/nɑ ʒɑlʲ/,unfortunately,phrase,-,47,A2,
уявити,/ujɑˈvɪtɪ/,to imagine (perf),verb,-,47,A2,
уявляти,/ujɑvˈlʲɑtɪ/,to imagine (impf),verb,-,47,A2,
уявний,/ujɑvˈnɪj/,"imaginary, hypothetical",adj,-,47,A2,
хотів би,/xoˈtʲiv bɪ/,would like (m),phrase,-,47,A2,
хотіла б,/xoˈtʲilɑ b/,would like (f),phrase,-,47,A2,
шкода,/ˈʃkodɑ/,"pity, shame",noun,f,47,A2,
якби,/jɑkˈbɪ/,if (unreal),conj,-,47,A2,
акція,/ˈɑktsʲijɑ/,"promotion, sale",noun,f,48,A2,
батарея,/bɑtɑˈrɛjɑ/,battery,noun,f,48,A2,
бездротовий,/bɛzdroˈtovɪj/,wireless,adj,-,48,A2,
водонепроникний,/vodonɛproˈnɪknɪj/,waterproof,adj,-,48,A2,
дефект,/dɛˈfɛkt/,defect,noun,m,48,A2,
екран,/ɛˈkrɑn/,screen,noun,m,48,A2,
зарядка,/zɑˈrʲɑdkɑ/,charger,noun,f,48,A2,
навушники,/nɑˈvuʃnɪkɪ/,headphones,noun,pl,48,A2,
пам'ять,/ˈpɑmjɑtʲ/,memory,noun,f,48,A2,
ремінь,/rɛˈmʲinʲ/,belt,noun,m,48,A2,
розпродаж,/rozpˈrodɑʒ/,sale (clearance),noun,m,48,A2,
чохол,/tʃoˈxol/,"case, cover",noun,m,48,A2,
вільний,/ˈvʲilʲnɪj/,"free, available",adj,-,49,A2,
зайнятий,/zɑjˈnʲɑtɪj/,busy,adj,-,49,A2,
запрошувати,/zɑproˈʃuvɑtɪ/,to invite (impf),verb,-,49,A2,
зручний,/zrutʃˈnɪj/,convenient,adj,-,49,A2,
зустріч,/ˈzustrʲitʃ/,meeting,noun,f,49,A2,
нагадати,/nɑɦɑˈdɑtɪ/,to remind (perf),verb,-,49,A2,
опівдні,/oˈpʲivdnʲi/,at noon,adv,-,49,A2,
перенести,/pɛrɛˈnɛstɪ/,to reschedule (perf),verb,-,49,A2,
план,/plɑn/,plan,noun,m,49,A2,
призначити,/prɪznɑˈtʃɪtɪ/,to schedule (perf),verb,-,49,A2,
пропозиція,/propoˈzɪtsʲijɑ/,"suggestion, proposal",noun,f,49,A2,
підтвердити,/pʲidˈtvɛrdɪtɪ/,to confirm (perf),verb,-,49,A2,
скасувати,/skɑsuˈvɑtɪ/,to cancel (perf),verb,-,49,A2,
чекатиму,/tʃɛˈkɑtɪmu/,I will wait,verb,-,49,A2,
боятися,/boˈjɑtɪsʲɑ/,to be afraid,verb,-,51,A2,always refl
зачісуватися,/zɑtʃʲisuˈvɑtɪsʲɑ/,to comb one's hair,verb,-,51,A2,
митися,/ˈmɪtɪsʲɑ/,to wash oneself,verb,-,51,A2,
намагатися,/nɑmɑˈɦɑtɪsʲɑ/,to try,verb,-,51,A2,always refl
себе,/sɛˈbɛ/,oneself (acc/gen),pron,-,51,A2,
сміятися,/smʲiˈjɑtɪsʲɑ/,to laugh,verb,-,51,A2,always refl
собою,/soˈboju/,oneself (inst),pron,-,51,A2,
собі,/soˈbʲi/,oneself (dat/loc),pron,-,51,A2,
згадувати,/zɦɑˈduvɑtɪ/,to mention (impf),verb,-,52,A2,
котрий,/koˈtrɪj/,which (formal),pron,m,52,A2,formal
нічого,/nʲiˈtʃoɦo/,nothing,pron,-,52,A2,
підписувати,/pʲidpɪˈsuvɑtɪ/,to sign (impf),verb,-,52,A2,
усе,/uˈsɛ/,everything,pron,n,52,A2,
щось,/ʃtʃosʲ/,something,pron,n,52,A2,
які,/jɑˈkʲi/,"which, that, who (pl)",pron,pl,52,A2,
бо,/bo/,because (casual),conj,-,53,A2,
змокнути,/zˈmoknʊtɪ/,to get wet (perf),verb,-,53,A2,
неохоче,/nɛˈoxotʃɛ/,reluctantly,adv,-,53,A2,
продовжувати,/prodovˈʒuvɑtɪ/,to continue (impf),verb,-,53,A2,
розбудити,/rozbuˈdɪtɪ/,to wake up (sb) (perf),verb,-,53,A2,
тому що,/toˈmu ʃtʃo/,because,conj,-,53,A2,
хоч,/xotʃ/,although (casual),conj,-,53,A2,
хоча,/xoˈtʃɑ/,although,conj,-,53,A2,
щоб,/ʃtʃob/,"in order to, so that",conj,-,53,A2,
боліти,/boˈlʲitɪ/,"to hurt, ache",verb,-,54,A2,
голова,/ɦoloˈvɑ/,head,noun,f,54,A2,
горло,/ˈɦorlo/,throat,noun,n,54,A2,
живіт,/ʒɪˈvʲit/,"stomach, belly",noun,m,54,A2,
застуда,/zɑˈstudɑ/,cold (illness),noun,f,54,A2,
кашель,/ˈkɑʃɛlʲ/,cough,noun,m,54,A2,
ліки,/ˈlʲikɪ/,medicine,noun,pl,54,A2,
нежить,/ˈnɛʒɪtʲ/,runny nose,noun,m,54,A2,
рецепт,/rɛˈtsɛpt/,prescription,noun,m,54,A2,
спина,/spɪˈnɑ/,back,noun,f,54,A2,
таблетка,/tɑbˈlɛtkɑ/,"tablet, pill",noun,f,54,A2,
багаж,/bɑˈɦɑʒ/,luggage,noun,m,55,A2,
вокзал,/vokˈzɑl/,train station,noun,m,55,A2,
відправлення,/vʲidprɑvˈlɛnʲɑ/,departure,noun,n,55,A2,
затримка,/zɑˈtrɪmkɑ/,delay,noun,f,55,A2,
купе,/kuˈpɛ/,compartment,noun,n,55,A2,indecl
платформа,/plɑtˈformɑ/,platform,noun,f,55,A2,
посадковий талон,/posɑdˈkovɪj tɑˈlon/,boarding pass,noun,m,55,A2,
потяг,/ˈpotʲɑɦ/,train,noun,m,55,A2,
прибуття,/prɪˈbutʲɑ/,arrival,noun,n,55,A2,
провідник,/provʲidˈnɪk/,conductor,noun,m,55,A2,
рейс,/rɛjs/,flight,noun,m,55,A2,
вкладення,/vklɑˈdɛnʲɑ/,attachment,noun,n,56,A2,
дзвінок,/dzvʲiˈnok/,call,noun,m,56,A2,
завантажити,/zɑvɑnˈtɑʒɪtɪ/,to download (perf),verb,-,56,A2,
отримати,/otrɪˈmɑtɪ/,to receive (perf),verb,-,56,A2,
пароль,/pɑˈrolʲ/,password,noun,m,56,A2,
переслати,/pɛrɛˈslɑtɪ/,to forward (perf),verb,-,56,A2,
поділитися,/podʲiˈlɪtɪsʲɑ/,to share,verb,-,56,A2,
посилання,/posɪˈlɑnʲɑ/,link,noun,n,56,A2,
підписатися,/pʲidpɪˈsɑtɪsʲɑ/,"to subscribe, follow",verb,-,56,A2,
вакансія,/vɑˈkɑnsʲijɑ/,"vacancy, job opening",noun,f,57,A2,
віддалено,/vʲidɑˈlɛno/,remotely,adv,-,57,A2,
відпустка,/vʲidˈpustkɑ/,vacation,noun,f,57,A2,
графік,/ˈɦrɑfʲik/,schedule,noun,m,57,A2,
зарплата,/zɑrˈplɑtɑ/,salary,noun,f,57,A2,
обов'язок,/oboˈvjɑzok/,"duty, responsibility",noun,m,57,A2,
професія,/proˈfɛsʲijɑ/,profession,noun,f,57,A2,
підвищення,/pʲidˈvɪʃtʃɛnʲɑ/,promotion,noun,n,57,A2,
резюме,/rɛzʲuˈmɛ/,"resume, CV",noun,n,57,A2,indecl
робота,/roˈbotɑ/,"work, job",noun,f,57,A2,
співбесіда,/spʲivˈbɛsʲidɑ/,interview,noun,f,57,A2,
вважати,/vvɑˈʒɑtɪ/,"to believe, consider",verb,-,58,A2,
впевнений,/vˈpɛvnɛnɪj/,"sure, certain",adj,m,58,A2,
думка,/ˈdumkɑ/,"opinion, thought",noun,f,58,A2,
загалом,/zɑˈɦɑlom/,in general,adv,-,58,A2,
згоден,/ˈzɦodɛn/,agree (m),adj,m,58,A2,short form
згодна,/ˈzɦodnɑ/,agree (f),adj,f,58,A2,short form
навпаки,/nɑvˈpɑkɪ/,on the contrary,adv,-,58,A2,
отже,/ˈotʒɛ/,"so, therefore",conj,-,58,A2,
переконаний,/pɛrɛˈkonɑnɪj/,convinced,adj,m,58,A2,
погоджуватися,/poɦoˈdʒuvɑtɪsʲɑ/,to agree (impf),verb,-,58,A2,
рація,/ˈrɑtsʲijɑ/,rightness,noun,f,58,A2,мати рацію
сумніватися,/sumnʲiˈvɑtɪsʲɑ/,to doubt,verb,-,58,A2,
варто,/ˈvɑrto/,it's worth,adv,-,59,A2,+ infinitive
відкрито,/vʲidˈkrɪto/,open(ed),part,-,59,A2,-то form
дозволено,/dozˈvolɛno/,allowed,part,-,59,A2,-но form
заборонено,/zɑboroˈnɛno/,forbidden,part,-,59,A2,-но form
зайнято,/ˈzɑjnʲɑto/,"occupied, taken",part,-,59,A2,-то form
закрито,/zɑˈkrɪto/,closed,part,-,59,A2,-то form
зроблено,/ˈzroblɛno/,"done, made",part,-,59,A2,-но form
називатися,/nɑzɪˈvɑtɪsʲɑ/,to be called,verb,-,59,A2,refl
продаватися,/prodɑˈvɑtɪsʲɑ/,to be sold,verb,-,59,A2,refl
слід,/slʲid/,one should,adv,-,59,A2,+ infinitive
враження,/vrɑˈʒɛnʲɑ/,impression,noun,n,60,A2,
досягнення,/dosʲɑɦˈnɛnʲɑ/,achievement,noun,n,60,A2,
здібність,/zdʲibˈnʲistʲ/,ability,noun,f,60,A2,
мета,/mɛˈtɑ/,goal,noun,f,60,A2,
подорож,/ˈpodoroʒ/,"journey, trip",noun,f,60,A2,
спогад,/ˈspoɦɑd/,memory,noun,m,60,A2,
успіх,/uˈspʲix/,success,noun,m,60,A2,
якість,/ˈjɑkʲistʲ/,quality,noun,f,60,A2,
